{"stats":{"minecraft:crafted":{"minecraft:stone_sword":8,"minecraft:wooden_axe":1,"minecraft:stone_shovel":8,"minecraft:wooden_sword":3,"minecraft:cooked_chicken":1,"minecraft:birch_planks":344,"minecraft:gold_ingot":7,"minecraft:stone_pickaxe":16,"minecraft:cooked_mutton":17,"minecraft:stick":132,"minecraft:wooden_pickaxe":3,"minecraft:cooked_beef":4,"minecraft:black_dye":2,"minecraft:cooked_porkchop":8,"minecraft:diamond_pickaxe":1,"minecraft:chest":2,"minecraft:polished_granite":12,"minecraft:bucket":1,"minecraft:furnace":1,"minecraft:birch_boat":1,"minecraft:iron_ingot":43,"minecraft:cobblestone_slab":12,"minecraft:crafting_table":7,"minecraft:torch":96,"minecraft:white_bed":2,"minecraft:oak_button":1,"minecraft:birch_slab":48,"minecraft:stone_axe":5,"minecraft:oak_planks":520,"minecraft:iron_pickaxe":1,"minecraft:birch_stairs":12},"minecraft:custom":{"minecraft:time_since_rest":4012,"minecraft:leave_game":23,"minecraft:damage_taken":11452,"minecraft:mob_kills":74,"minecraft:boat_one_cm":44321,"minecraft:time_since_death":122689,"minecraft:interact_with_furnace":19,"minecraft:sleep_in_bed":22,"minecraft:swim_one_cm":2363,"minecraft:total_world_time":691263,"minecraft:crouch_one_cm":18332,"minecraft:deaths":39,"minecraft:player_kills":5,"minecraft:damage_blocked_by_shield":120,"minecraft:interact_with_crafting_table":64,"minecraft:walk_one_cm":2230064,"minecraft:walk_under_water_one_cm":22834,"minecraft:damage_dealt":11653,"minecraft:play_time":691263,"minecraft:jump":5154,"minecraft:drop":103,"minecraft:open_barrel":50,"minecraft:sprint_one_cm":656091,"minecraft:open_chest":47,"minecraft:interact_with_smoker":20,"minecraft:fall_one_cm":87569,"minecraft:fly_one_cm":121656,"minecraft:walk_on_water_one_cm":36537,"minecraft:sneak_time":20859},"minecraft:picked_up":{"minecraft:cobblestone":2201,"minecraft:shears":1,"minecraft:glass":25,"minecraft:sugar_cane":8,"minecraft:bone":80,"minecraft:redstone":36,"minecraft:birch_slab":36,"minecraft:cooked_mutton":23,"minecraft:diamond":20,"minecraft:granite":290,"minecraft:white_banner":2,"minecraft:emerald":2,"minecraft:ink_sac":2,"minecraft:smooth_basalt":138,"minecraft:stone_shovel":29,"minecraft:arrow":63,"minecraft:iron_ingot":42,"minecraft:crossbow":2,"minecraft:raw_gold":17,"minecraft:stone_sword":37,"minecraft:dandelion":71,"minecraft:mutton":40,"minecraft:dirt":1633,"minecraft:light_gray_carpet":3,"minecraft:torch":322,"minecraft:bread":3,"minecraft:stripped_birch_log":3,"minecraft:coal":540,"minecraft:oak_log":134,"minecraft:oak_fence":1,"minecraft:sand":101,"minecraft:birch_planks":720,"minecraft:furnace":1,"minecraft:wheat_seeds":43,"minecraft:iron_pickaxe":11,"minecraft:birch_sapling":174,"minecraft:poppy":4,"minecraft:cooked_beef":6,"minecraft:feather":12,"minecraft:white_wool":31,"minecraft:polished_granite":12,"minecraft:red_mushroom":5,"minecraft:snowball":92,"minecraft:oak_button":1,"minecraft:andesite":117,"minecraft:ender_pearl":4,"minecraft:string":14,"minecraft:obsidian":20,"minecraft:white_carpet":6,"minecraft:amethyst_shard":32,"minecraft:cornflower":25,"minecraft:birch_door":1,"minecraft:white_bed":6,"minecraft:bucket":2,"minecraft:leather":14,"minecraft:lead":15,"minecraft:water_bucket":1,"minecraft:stone_pickaxe":35,"minecraft:wooden_axe":12,"minecraft:gold_ingot":4,"minecraft:glass_pane":12,"minecraft:peony":1,"minecraft:birch_stairs":50,"minecraft:carved_pumpkin":1,"minecraft:porkchop":18,"minecraft:stick":149,"minecraft:wooden_sword":19,"minecraft:black_wool":1,"minecraft:chicken":19,"minecraft:cooked_porkchop":16,"minecraft:iron_axe":1,"minecraft:raw_iron":90,"minecraft:cobbled_deepslate":295,"minecraft:pumpkin_seeds":10,"minecraft:stone_axe":25,"minecraft:amethyst_block":228,"minecraft:wheat":2,"minecraft:gunpowder":20,"minecraft:chest":1,"minecraft:gravel":10,"minecraft:light_gray_wool":3,"minecraft:tuff":15,"minecraft:leaf_litter":6,"minecraft:grass_block":3,"minecraft:birch_log":112,"minecraft:shield":8,"minecraft:lapis_lazuli":166,"minecraft:spider_eye":1,"minecraft:ominous_bottle":3,"minecraft:diorite":110,"minecraft:wooden_pickaxe":5,"minecraft:oak_planks":643,"minecraft:crafting_table":38,"minecraft:raw_copper":1044,"minecraft:oak_sapling":59,"minecraft:rotten_flesh":92,"minecraft:beef":9,"minecraft:cobblestone_slab":24,"minecraft:calcite":60,"minecraft:iron_hoe":1},"minecraft:killed_by":{"minecraft:skeleton":12,"minecraft:player":4,"minecraft:zombie_villager":1,"minecraft:creeper":4,"minecraft:enderman":2,"minecraft:bee":1,"minecraft:pillager":1,"minecraft:zombie":11},"minecraft:broken":{"minecraft:stone_shovel":3,"minecraft:wooden_axe":1,"minecraft:wooden_sword":1,"minecraft:stone_pickaxe":8,"minecraft:wooden_pickaxe":1},"minecraft:dropped":{"minecraft:rotten_flesh":11,"minecraft:stone_shovel":7,"minecraft:cobblestone":247,"minecraft:oak_planks":278,"minecraft:andesite":45,"minecraft:lava_bucket":2,"minecraft:stone_sword":1,"minecraft:wooden_sword":2,"minecraft:torch":57,"minecraft:birch_planks":172,"minecraft:cobbled_deepslate":64,"minecraft:bone":15,"minecraft:bucket":1,"minecraft:dirt":310,"minecraft:sugar_cane":8,"minecraft:raw_copper":262,"minecraft:obsidian":6,"minecraft:iron_ingot":13,"minecraft:sand":46,"minecraft:raw_gold":5,"minecraft:shears":1,"minecraft:diamond":6,"minecraft:stone_pickaxe":1,"minecraft:emerald":1,"minecraft:coal":37,"minecraft:birch_slab":7,"minecraft:cornflower":23,"minecraft:amethyst_block":57,"minecraft:oak_log":2,"minecraft:grass_block":1,"minecraft:cooked_beef":3,"minecraft:diamond_pickaxe":1,"minecraft:dandelion":19,"minecraft:wooden_pickaxe":1,"minecraft:stick":12,"minecraft:raw_iron":5,"minecraft:arrow":16,"minecraft:lapis_lazuli":60,"minecraft:iron_ore":31,"minecraft:gunpowder":4,"minecraft:amethyst_shard":8,"minecraft:stone_axe":2,"minecraft:cooked_mutton":7,"minecraft:iron_pickaxe":9,"minecraft:snowball":22},"minecraft:killed":{"minecraft:pillager":2,"minecraft:skeleton":6,"minecraft:pig":6,"minecraft:spider":4,"minecraft:salmon":1,"minecraft:zombie":22,"minecraft:donkey":1,"minecraft:trader_llama":1,"minecraft:chicken":11,"minecraft:enderman":1,"minecraft:sheep":14,"minecraft:cow":2,"minecraft:squid":1},"minecraft:mined":{"minecraft:torch":9,"minecraft:sculk":119,"minecraft:birch_stairs":24,"minecraft:chest":1,"minecraft:smooth_basalt":4,"minecraft:small_amethyst_bud":2,"minecraft:gravel":8,"minecraft:amethyst_block":48,"minecraft:short_grass":14,"minecraft:sculk_catalyst":1,"minecraft:dirt_path":1,"minecraft:crafting_table":13,"minecraft:birch_log":66,"minecraft:deepslate_redstone_ore":13,"minecraft:leaf_litter":6,"minecraft:obsidian":17,"minecraft:copper_ore":35,"minecraft:birch_leaves":26,"minecraft:andesite":86,"minecraft:deepslate_gold_ore":7,"minecraft:mushroom_stem":5,"minecraft:budding_amethyst":3,"minecraft:wall_torch":6,"minecraft:dark_oak_leaves":1,"minecraft:poppy":4,"minecraft:deepslate_lapis_ore":5,"minecraft:deepslate_diamond_ore":14,"minecraft:deepslate_iron_ore":14,"minecraft:birch_planks":27,"minecraft:amethyst_cluster":3,"minecraft:oak_sapling":1,"minecraft:iron_ore":10,"minecraft:stone":1067,"minecraft:granite":64,"minecraft:glass":2,"minecraft:dandelion":7,"minecraft:coal_ore":125,"minecraft:diorite":16,"minecraft:oak_planks":1,"minecraft:cobblestone":16,"minecraft:sugar_cane":6,"minecraft:white_bed":6,"minecraft:bee_nest":1,"minecraft:red_mushroom_block":26,"minecraft:oak_leaves":34,"minecraft:furnace":2,"minecraft:birch_slab":4,"minecraft:sculk_vein":21,"minecraft:glow_lichen":3,"minecraft:powder_snow":105,"minecraft:deepslate_coal_ore":2,"minecraft:snow_block":11,"minecraft:large_amethyst_bud":1,"minecraft:pointed_dripstone":1,"minecraft:emerald_ore":1,"minecraft:dirt":589,"minecraft:grass_block":225,"minecraft:medium_amethyst_bud":2,"minecraft:peony":1,"minecraft:spruce_leaves":1,"minecraft:cobbled_deepslate":6,"minecraft:tuff":5,"minecraft:deepslate":46,"minecraft:sand":92,"minecraft:calcite":29,"minecraft:stripped_birch_log":1,"minecraft:snow":3,"minecraft:seagrass":1,"minecraft:cornflower":1,"minecraft:oak_log":132},"minecraft:used":{"minecraft:stone_axe":266,"minecraft:birch_sapling":1,"minecraft:cobbled_deepslate":14,"minecraft:shield":2,"minecraft:birch_slab":50,"minecraft:iron_pickaxe":123,"minecraft:andesite":1,"minecraft:birch_stairs":37,"minecraft:stone_shovel":586,"minecraft:birch_planks":76,"minecraft:rotten_flesh":4,"minecraft:water_bucket":10,"minecraft:wooden_axe":66,"minecraft:diamond_pickaxe":31,"minecraft:cooked_mutton":12,"minecraft:wooden_sword":59,"minecraft:furnace":2,"minecraft:cooked_porkchop":4,"minecraft:mutton":5,"minecraft:granite":1,"minecraft:torch":125,"minecraft:dirt":430,"minecraft:stone_sword":425,"minecraft:lava_bucket":3,"minecraft:chicken":1,"minecraft:oak_button":1,"minecraft:diorite":1,"minecraft:wooden_pickaxe":58,"minecraft:birch_log":1,"minecraft:cooked_chicken":1,"minecraft:cobblestone":244,"minecraft:cooked_beef":1,"minecraft:bucket":15,"minecraft:crafting_table":15,"minecraft:stripped_birch_log":1,"minecraft:chest":3,"minecraft:birch_boat":1,"minecraft:snowball":4,"minecraft:oak_planks":2,"minecraft:beef":2,"minecraft:porkchop":3,"minecraft:oak_sapling":1,"minecraft:white_bed":8,"minecraft:stone_pickaxe":1667,"minecraft:iron_ore":1}},"DataVersion":4440}