{"stats":{"minecraft:crafted":{"minecraft:stone_sword":1,"minecraft:wooden_axe":4,"minecraft:cooked_salmon":1,"minecraft:stone_shovel":8,"minecraft:white_dye":6,"minecraft:wooden_sword":1,"minecraft:cooked_chicken":9,"minecraft:birch_planks":244,"minecraft:stone_pickaxe":13,"minecraft:cooked_mutton":24,"minecraft:glass_pane":16,"minecraft:stick":124,"minecraft:wooden_pickaxe":1,"minecraft:oak_fence_gate":3,"minecraft:cooked_beef":9,"minecraft:oak_fence":33,"minecraft:cooked_porkchop":10,"minecraft:pumpkin_seeds":20,"minecraft:birch_door":3,"minecraft:barrel":7,"minecraft:wooden_shovel":2,"minecraft:flint_and_steel":1,"minecraft:bone_meal":12,"minecraft:furnace":11,"minecraft:iron_ingot":11,"minecraft:copper_ingot":137,"minecraft:bread":3,"minecraft:glass":298,"minecraft:crafting_table":4,"minecraft:iron_hoe":1,"minecraft:beehive":2,"minecraft:torch":112,"minecraft:wooden_hoe":1,"minecraft:birch_slab":162,"minecraft:shield":4,"minecraft:stone_axe":3,"minecraft:iron_pickaxe":1,"minecraft:iron_shovel":5,"minecraft:iron_sword":1,"minecraft:shears":1,"minecraft:birch_stairs":48,"minecraft:iron_axe":2,"minecraft:smoker":4},"minecraft:custom":{"minecraft:time_since_rest":12501,"minecraft:leave_game":78,"minecraft:damage_taken":14914,"minecraft:mob_kills":105,"minecraft:time_since_death":99576,"minecraft:interact_with_furnace":95,"minecraft:sleep_in_bed":18,"minecraft:swim_one_cm":64810,"minecraft:total_world_time":1032571,"minecraft:crouch_one_cm":62416,"minecraft:climb_one_cm":3353,"minecraft:deaths":44,"minecraft:player_kills":4,"minecraft:animals_bred":16,"minecraft:damage_blocked_by_shield":4658,"minecraft:interact_with_crafting_table":122,"minecraft:walk_one_cm":4183128,"minecraft:walk_under_water_one_cm":14162,"minecraft:damage_dealt":17066,"minecraft:play_time":1032571,"minecraft:jump":9104,"minecraft:drop":186,"minecraft:open_barrel":118,"minecraft:sprint_one_cm":1069606,"minecraft:open_chest":115,"minecraft:interact_with_smoker":48,"minecraft:fall_one_cm":254732,"minecraft:fly_one_cm":738327,"minecraft:walk_on_water_one_cm":59536,"minecraft:sneak_time":23979},"minecraft:picked_up":{"minecraft:shears":2,"minecraft:cobblestone":1501,"minecraft:glass":50,"minecraft:flint":2,"minecraft:sugar_cane":70,"minecraft:redstone":42,"minecraft:bone":180,"minecraft:birch_slab":170,"minecraft:rose_bush":1,"minecraft:cooked_mutton":6,"minecraft:firefly_bush":4,"minecraft:diamond":45,"minecraft:granite":4,"minecraft:emerald":1,"minecraft:salmon":1,"minecraft:bow":2,"minecraft:smooth_basalt":133,"minecraft:stone_shovel":16,"minecraft:arrow":189,"minecraft:red_tulip":3,"minecraft:iron_ingot":32,"minecraft:wooden_shovel":1,"minecraft:raw_gold":7,"minecraft:stone_sword":20,"minecraft:dandelion":187,"minecraft:lava_bucket":2,"minecraft:mutton":43,"minecraft:dirt":4380,"minecraft:light_gray_carpet":27,"minecraft:iron_shovel":4,"minecraft:black_dye":4,"minecraft:azure_bluet":3,"minecraft:torch":475,"minecraft:diamond_pickaxe":1,"minecraft:stripped_birch_log":1,"minecraft:oxeye_daisy":3,"minecraft:coal":676,"minecraft:oak_log":63,"minecraft:oak_fence":37,"minecraft:birch_planks":906,"minecraft:sand":340,"minecraft:furnace":3,"minecraft:iron_ore":31,"minecraft:wheat_seeds":259,"minecraft:iron_pickaxe":11,"minecraft:egg":6,"minecraft:birch_sapling":257,"minecraft:poppy":104,"minecraft:sunflower":63,"minecraft:cooked_beef":6,"minecraft:white_wool":42,"minecraft:feather":16,"minecraft:red_mushroom":5,"minecraft:polished_granite":12,"minecraft:snowball":84,"minecraft:andesite":103,"minecraft:ender_pearl":3,"minecraft:string":20,"minecraft:copper_ingot":4,"minecraft:obsidian":22,"minecraft:white_carpet":54,"minecraft:amethyst_shard":32,"minecraft:cornflower":143,"minecraft:birch_door":11,"minecraft:white_bed":2,"minecraft:bucket":4,"minecraft:leather":59,"minecraft:salmon_bucket":2,"minecraft:lead":3,"minecraft:orange_tulip":39,"minecraft:water_bucket":2,"minecraft:stone_pickaxe":17,"minecraft:wooden_axe":20,"minecraft:gold_ingot":2,"minecraft:glass_pane":16,"minecraft:birch_stairs":189,"minecraft:glow_ink_sac":12,"minecraft:oak_leaves":8,"minecraft:carved_pumpkin":2,"minecraft:porkchop":11,"minecraft:stick":201,"minecraft:wooden_sword":15,"minecraft:black_wool":10,"minecraft:chicken":25,"minecraft:cooked_salmon":1,"minecraft:cooked_porkchop":4,"minecraft:iron_axe":1,"minecraft:raw_iron":116,"minecraft:cobbled_deepslate":494,"minecraft:honeycomb":30,"minecraft:pumpkin_seeds":28,"minecraft:stone_axe":8,"minecraft:amethyst_block":258,"minecraft:white_dye":36,"minecraft:wheat":65,"minecraft:gunpowder":58,"minecraft:chest":2,"minecraft:gravel":2,"minecraft:light_gray_wool":3,"minecraft:tuff":5,"minecraft:grass_block":10,"minecraft:birch_log":207,"minecraft:shield":13,"minecraft:lapis_lazuli":90,"minecraft:pumpkin":169,"minecraft:spider_eye":7,"minecraft:diorite":89,"minecraft:wooden_pickaxe":11,"minecraft:oak_planks":792,"minecraft:crafting_table":28,"minecraft:raw_copper":1074,"minecraft:oak_sapling":90,"minecraft:beef":39,"minecraft:rotten_flesh":191,"minecraft:cobblestone_slab":12,"minecraft:calcite":336,"minecraft:barrel":8,"minecraft:iron_hoe":6},"minecraft:killed_by":{"minecraft:skeleton":8,"minecraft:player":5,"minecraft:creeper":2,"minecraft:spider":1,"minecraft:zombie":16},"minecraft:broken":{"minecraft:stone_shovel":9,"minecraft:wooden_hoe":1,"minecraft:iron_hoe":1,"minecraft:wooden_axe":3,"minecraft:iron_shovel":5,"minecraft:stone_axe":3,"minecraft:wooden_sword":1,"minecraft:stone_sword":2,"minecraft:stone_pickaxe":10,"minecraft:wooden_pickaxe":1,"minecraft:wooden_shovel":2},"minecraft:killed":{"minecraft:zombie":34,"minecraft:donkey":2,"minecraft:pillager":1,"minecraft:zombified_piglin":1,"minecraft:skeleton":15,"minecraft:trader_llama":1,"minecraft:creeper":5,"minecraft:chicken":1,"minecraft:sheep":22,"minecraft:pig":4,"minecraft:cow":11,"minecraft:spider":4},"minecraft:dropped":{"minecraft:iron_axe":1,"minecraft:oak_planks":161,"minecraft:andesite":6,"minecraft:oak_leaves":2,"minecraft:wheat":1,"minecraft:wooden_sword":4,"minecraft:lead":3,"minecraft:gravel":1,"minecraft:cobbled_deepslate":64,"minecraft:bone":4,"minecraft:wheat_seeds":27,"minecraft:iron_ingot":1,"minecraft:cobblestone_slab":12,"minecraft:stone_pickaxe":7,"minecraft:shield":4,"minecraft:oak_sapling":1,"minecraft:oak_log":8,"minecraft:grass_block":2,"minecraft:tuff":5,"minecraft:stick":31,"minecraft:arrow":1,"minecraft:wooden_axe":4,"minecraft:bread":3,"minecraft:spider_eye":4,"minecraft:gold_ingot":2,"minecraft:smooth_basalt":92,"minecraft:stone_axe":4,"minecraft:cooked_mutton":1,"minecraft:iron_pickaxe":2,"minecraft:snowball":8,"minecraft:diorite":27,"minecraft:birch_stairs":10,"minecraft:rotten_flesh":15,"minecraft:stone_shovel":5,"minecraft:cobblestone":211,"minecraft:stone_sword":10,"minecraft:torch":132,"minecraft:birch_planks":227,"minecraft:bucket":2,"minecraft:white_wool":2,"minecraft:dirt":59,"minecraft:black_wool":1,"minecraft:leather":1,"minecraft:raw_copper":142,"minecraft:granite":1,"minecraft:oak_fence":4,"minecraft:birch_log":15,"minecraft:shears":1,"minecraft:ender_pearl":1,"minecraft:coal":63,"minecraft:birch_door":1,"minecraft:cooked_beef":3,"minecraft:chicken":1,"minecraft:beef":2,"minecraft:crafting_table":2,"minecraft:cooked_porkchop":4},"minecraft:mined":{"minecraft:torch":16,"minecraft:sculk":348,"minecraft:birch_stairs":134,"minecraft:red_tulip":1,"minecraft:chest":2,"minecraft:smooth_basalt":44,"minecraft:pumpkin":50,"minecraft:sunflower":23,"minecraft:gravel":2,"minecraft:short_grass":151,"minecraft:amethyst_block":74,"minecraft:sculk_catalyst":5,"minecraft:dirt_path":78,"minecraft:crafting_table":3,"minecraft:birch_log":95,"minecraft:oxeye_daisy":1,"minecraft:obsidian":19,"minecraft:farmland":4,"minecraft:copper_ore":115,"minecraft:firefly_bush":2,"minecraft:orange_tulip":13,"minecraft:birch_leaves":241,"minecraft:andesite":7,"minecraft:oak_fence":23,"minecraft:sculk_shrieker":1,"minecraft:budding_amethyst":3,"minecraft:wall_torch":19,"minecraft:birch_door":3,"minecraft:fire":1,"minecraft:poppy":9,"minecraft:deepslate_lapis_ore":9,"minecraft:deepslate_iron_ore":23,"minecraft:birch_planks":83,"minecraft:azure_bluet":1,"minecraft:pumpkin_stem":1,"minecraft:iron_ore":18,"minecraft:stone":503,"minecraft:glass_pane":3,"minecraft:granite":1,"minecraft:dandelion":53,"minecraft:glass":16,"minecraft:coal_ore":167,"minecraft:diorite":22,"minecraft:sculk_sensor":11,"minecraft:wheat":57,"minecraft:oak_planks":19,"minecraft:cobblestone":158,"minecraft:sugar_cane":17,"minecraft:white_bed":2,"minecraft:bee_nest":1,"minecraft:oak_leaves":87,"minecraft:furnace":1,"minecraft:birch_slab":120,"minecraft:rose_bush":1,"minecraft:sculk_vein":29,"minecraft:white_carpet":6,"minecraft:deepslate_copper_ore":7,"minecraft:powder_snow":70,"minecraft:tall_grass":15,"minecraft:snow_block":11,"minecraft:emerald_ore":1,"minecraft:barrel":8,"minecraft:tall_seagrass":5,"minecraft:dirt":2021,"minecraft:grass_block":907,"minecraft:cobbled_deepslate":11,"minecraft:carved_pumpkin":3,"minecraft:light_gray_carpet":3,"minecraft:stripped_birch_log":1,"minecraft:deepslate":132,"minecraft:sand":253,"minecraft:calcite":84,"minecraft:snow":7,"minecraft:cornflower":27,"minecraft:oak_log":17},"minecraft:used":{"minecraft:stone_axe":346,"minecraft:oak_fence":50,"minecraft:iron_axe":65,"minecraft:birch_door":5,"minecraft:shield":74,"minecraft:birch_slab":271,"minecraft:iron_pickaxe":313,"minecraft:iron_sword":25,"minecraft:wheat_seeds":162,"minecraft:wooden_axe":122,"minecraft:diamond_pickaxe":25,"minecraft:cooked_mutton":20,"minecraft:glass":267,"minecraft:beehive":2,"minecraft:wooden_sword":79,"minecraft:glass_pane":12,"minecraft:cooked_porkchop":10,"minecraft:iron_shovel":1251,"minecraft:stone_sword":334,"minecraft:lava_bucket":6,"minecraft:diorite":9,"minecraft:wooden_pickaxe":50,"minecraft:pumpkin_seeds":31,"minecraft:oak_log":14,"minecraft:cobblestone":330,"minecraft:wooden_shovel":115,"minecraft:crafting_table":9,"minecraft:snowball":6,"minecraft:oak_fence_gate":3,"minecraft:white_bed":2,"minecraft:stone_pickaxe":1296,"minecraft:cobbled_deepslate":29,"minecraft:smoker":4,"minecraft:birch_stairs":162,"minecraft:stone_shovel":1160,"minecraft:birch_planks":87,"minecraft:pumpkin":2,"minecraft:iron_hoe":240,"minecraft:rotten_flesh":52,"minecraft:water_bucket":45,"minecraft:bone_meal":6,"minecraft:furnace":6,"minecraft:mutton":7,"minecraft:barrel":15,"minecraft:torch":178,"minecraft:dirt":3324,"minecraft:cooked_salmon":1,"minecraft:obsidian":34,"minecraft:salmon_bucket":3,"minecraft:sand":15,"minecraft:wooden_hoe":59,"minecraft:shears":17,"minecraft:cooked_beef":6,"minecraft:flint_and_steel":4,"minecraft:bucket":52,"minecraft:chest":2,"minecraft:carved_pumpkin":1,"minecraft:beef":8,"minecraft:oak_planks":144,"minecraft:egg":2,"minecraft:sugar_cane":11}},"DataVersion":4440}